period_id,start,end,duration_hours,top_1,top_1_z,top_2,top_2_z,top_3,top_3_z,top_4,top_4_z,top_5,top_5_z
1,2022-01-01 00:00:00,2022-01-01 04:00:00,4.0,temp_11,-3.9152564410767168,temp_6,-3.7428322731181765,speed,-3.697594669012443,temp_7,-3.316906926926958,temp_3,-3.1596209729652163
2,2022-01-01 04:45:00,2022-01-01 12:30:00,7.75,temp_11,-3.867459625241239,speed,-3.698433083173673,temp_6,-3.6732549643250856,temp_7,-3.220823090058801,temp_3,-3.0508398682436164
3,2022-01-01 13:30:00,2022-01-01 14:00:00,0.5,temp_11,-3.789730068929654,speed,-3.7014869019283823,temp_6,-3.6688953960799204,temp_7,-3.179549571549333,temp_3,-3.0579288143925702
4,2022-01-01 14:30:00,2022-01-01 14:45:00,0.25,temp_11,-3.7662518289285853,speed,-3.694800957545676,temp_6,-3.517143514099059,temp_7,-3.133813829614384,temp_3,-2.998960746198275
5,2022-01-01 15:45:00,2022-01-01 17:45:00,2.0,temp_11,-3.905706401679917,speed,-3.6616613918038072,temp_6,-3.5929589786989697,temp_7,-3.208403579138205,temp_3,-3.1934640921437945
6,2022-01-01 18:30:00,2022-01-01 19:00:00,0.5,temp_11,-3.7293751321678497,temp_6,-3.4800425334222598,speed,-3.436780203129307,temp_7,-3.0587131913951935,temp_3,-3.0134475362609803
7,2022-01-01 19:45:00,2022-01-01 20:00:00,0.25,temp_11,-3.707155146145752,temp_6,-3.491273667295163,speed,-3.43835911799013,temp_7,-2.957422785318685,temp_3,-2.8756661724135903
8,2022-01-01 20:45:00,2022-01-01 23:00:00,2.25,temp_11,-3.9239626202797044,temp_6,-3.694308020812906,speed,-3.4369034681838357,temp_7,-3.3033542598383723,temp_3,-3.2449684547904507
9,2022-01-02 00:00:00,2022-01-02 01:00:00,1.0,temp_11,-3.8145550303114724,temp_6,-3.5643667006584496,speed,-3.4369220076398594,temp_7,-3.1259716881404778,temp_3,-3.058109600174225
10,2022-01-02 01:30:00,2022-01-02 03:00:00,1.5,temp_11,-3.826626410561263,temp_6,-3.4745771907209435,speed,-3.437467751686761,temp_7,-3.0456403947597535,temp_3,-2.875205282610979
11,2022-01-02 04:15:00,2022-01-02 04:30:00,0.25,temp_11,-3.527307335610491,temp_6,-3.1315381673474225,speed,-2.9360384452015977,temp_3,-2.922025761644351,temp_7,-2.7920595424013053
12,2022-01-07 05:00:00,2022-01-07 06:00:00,1.0,temp_11,-3.5494691073319085,speed,-3.317249538120246,temp_6,-3.296124544231296,temp_7,-2.905485571658727,temp_3,-2.8585013600293374
13,2022-01-24 20:45:00,2022-01-24 21:30:00,0.75,pressure_diff,4.31882005027867,axial_3,3.808549471515132,axial_4,3.5755167186345864,pressure_2,2.491493318003058,axial_2,-2.4662103385235903
14,2022-01-24 22:45:00,2022-01-24 23:00:00,0.25,pressure_diff,3.7542297705875,axial_3,3.7206842828256472,axial_4,3.4056066562349985,pressure_2,2.4211090599894707,axial_2,-2.4093504835192427
15,2022-01-25 00:15:00,2022-01-25 00:15:00,0.0,pressure_diff,3.7186291662810644,axial_3,3.6957934739946445,axial_4,3.4074055271176498,pressure_2,2.3378957724724687,axial_2,-2.2996031132968664
16,2022-01-25 08:15:00,2022-01-25 08:45:00,0.5,pressure_diff,4.223877347518361,axial_3,4.107699534650176,axial_4,3.885824904695078,axial_2,-2.8322819086082314,pressure_2,2.3127155171715446
17,2022-01-25 15:15:00,2022-01-25 15:15:00,0.0,axial_3,3.4222123974062524,axial_4,3.065756560732123,temp_6,-2.4996589100455564,temp_8,-2.3152102224143682,axial_2,-2.302262787888163
18,2022-01-25 17:15:00,2022-01-25 17:15:00,0.0,axial_3,3.4484270438161047,axial_4,3.142018540123264,temp_6,-2.4412089069079803,temp_11,-2.3474776456235826,pressure_2,2.2661950395113095
19,2022-01-25 17:45:00,2022-01-25 19:15:00,1.5,axial_3,3.50700378920453,axial_4,3.2356655190711923,temp_6,-2.5671197240498493,temp_11,-2.3525106615394678,pressure_2,2.2237132605441077
20,2022-01-25 23:15:00,2022-01-25 23:45:00,0.5,axial_3,3.8018560915155613,axial_4,3.606627723564571,temp_6,-2.3535061481640676,temp_11,-2.2669860613950266,temp_8,-2.2482275152872475
21,2022-01-26 00:45:00,2022-01-26 00:45:00,0.0,axial_3,3.8156729350768503,axial_4,3.4467982110065107,axial_2,-2.6475250357554034,temp_8,-2.3152102224143682,temp_6,-2.1128601396781015
22,2022-03-21 20:30:00,2022-03-21 20:30:00,0.0,temp_10,4.830865846359691,temp_3,4.391583276965014,temp_7,3.9480378767299182,temp_6,3.625077432233382,temp_2,3.576033503370534
23,2022-04-27 12:15:00,2022-04-27 19:45:00,7.5,temp_2,3.5204937556884666,temp_4,3.392903426665644,temp_7,2.7075142534396504,axial_1,2.696324635609998,temp_3,2.5097805594373823
24,2022-04-28 10:45:00,2022-04-28 12:00:00,1.25,pressure_1,-36.23674841962474,temp_2,2.7976108506351123,temp_4,2.7251058389163423,temp_7,2.6164983625871368,temp_3,2.4578081634422144
25,2022-04-28 12:30:00,2022-04-28 13:15:00,0.75,temp_2,3.2798771702194713,temp_4,2.90829395088133,temp_7,2.761609798360904,vibration_4,2.613615061980511,temp_3,2.442335027423695
26,2022-04-28 15:30:00,2022-04-28 18:30:00,3.0,temp_2,3.744908936239212,temp_4,3.703149188685034,temp_7,2.794003399338346,temp_3,2.63600874932592,vibration_4,2.553443060966014
27,2022-05-11 09:30:00,2022-05-11 09:30:00,0.0,temp_7,3.5335458115137297,temp_4,3.3872557025133077,temp_3,3.325779311491399,temp_2,3.063519744805683,temp_6,3.0172023336538336
28,2022-05-11 11:15:00,2022-05-12 00:00:00,12.75,temp_4,4.117894375743854,temp_2,4.030619539730172,temp_7,3.3585447154094714,temp_3,3.3177516252013786,temp_6,3.072894249655417
29,2022-06-02 09:30:00,2022-06-02 16:15:00,6.75,speed,-4.359746286715511,temp_11,-4.042482778272242,temp_1,-4.0058064084651654,temp_6,-3.5374055034213847,temp_3,-3.1902046624952227
30,2022-06-17 13:00:00,2022-06-17 16:30:00,3.5,axial_4,6.784001832789413,temp_9,-5.527231646508034,axial_3,5.2030623444953035,temp_8,-4.411471454910115,pressure_diff,-4.0435643920281
31,2022-06-17 17:00:00,2022-06-17 17:15:00,0.25,axial_4,8.0581581134534,axial_3,5.971004679489911,temp_9,-5.816513073553712,pressure_diff,-5.049198403962963,temp_8,-4.67973133709429
32,2022-06-17 18:30:00,2022-06-17 18:30:00,0.0,axial_4,8.374605066324744,axial_3,6.097610821898625,temp_9,-6.081208644491572,pressure_diff,-5.079417531980606,temp_8,-4.877484707891811
33,2022-06-17 19:15:00,2022-06-17 19:15:00,0.0,axial_4,8.09712139492077,axial_3,5.877417901073469,temp_9,-5.820236948464366,pressure_diff,-5.075941376688849,temp_8,-4.494334382576194
34,2022-06-17 21:15:00,2022-06-17 22:15:00,1.0,axial_4,8.04184532045849,temp_9,-6.047698970431322,axial_3,5.870695175927016,pressure_diff,-5.029844514019393,temp_8,-4.699548932779655
35,2022-06-17 22:45:00,2022-06-17 22:45:00,0.0,axial_4,8.008331005388143,temp_9,-6.058934730169503,axial_3,5.867615251302945,pressure_diff,-5.024114437539408,temp_8,-4.608669265905917
36,2022-06-17 23:15:00,2022-06-18 01:45:00,2.5,axial_4,8.009486759113638,temp_9,-5.979283359628326,axial_3,5.892358896066576,pressure_diff,-5.040688306534561,temp_8,-4.58058189160479
37,2022-06-18 03:00:00,2022-06-18 03:00:00,0.0,axial_4,8.269229712087942,axial_3,6.209840159812199,temp_9,-6.183061967881826,pressure_diff,-5.033596135969119,temp_8,-4.942410829546079
38,2022-06-18 04:15:00,2022-06-18 04:45:00,0.5,axial_4,8.31344561562678,temp_9,-6.351014793177259,axial_3,6.265237129524702,pressure_diff,-5.041474725071434,temp_8,-4.900169127381534
39,2022-06-18 09:45:00,2022-06-22 06:30:00,92.75,temp_8,-80.03670594573597,temp_11,-68.03282261401503,temp_10,-55.17653740616978,temp_7,-45.82983400245753,temp_6,-43.88666962985586
40,2022-06-22 07:00:00,2022-06-22 09:30:00,2.5,speed,-4.472103804954119,temp_7,-3.3119459288061415,temp_11,-3.2453196800966957,temp_6,-3.2404270687962358,axial_4,2.9871764145618767
41,2022-06-22 11:00:00,2022-06-22 11:15:00,0.25,speed,-2.9538927732489695,axial_4,2.9300739234529036,vibration_3,-2.3079957808586617,temp_7,-2.217528232251052,axial_3,2.0963145296112202
42,2022-06-22 11:45:00,2022-06-22 11:45:00,0.0,axial_4,3.0305688499386503,speed,-2.9561975647134586,vibration_3,-2.268511215749169,temp_7,-2.217528232251052,pressure_4,-2.1623347401176187
43,2022-06-22 12:30:00,2022-06-22 14:30:00,2.0,axial_4,4.319814239369243,speed,-3.500318522608781,axial_3,3.191464691299679,temp_9,-3.08613531166623,temp_11,-2.8061681365150424
44,2022-06-22 15:30:00,2022-06-22 16:45:00,1.25,axial_4,4.559489732145523,axial_3,3.240201864243931,temp_1,-2.9124356516447074,pressure_4,-2.6271427545295767,temp_9,-2.2711145219477973
45,2022-06-22 18:30:00,2022-06-22 19:15:00,0.75,axial_4,4.632936068928282,axial_3,3.254484487050924,pressure_4,-2.5366703332099827,vibration_1,2.435819395503917,axial_2,2.2116555396116118
46,2022-06-23 00:30:00,2022-06-23 02:00:00,1.5,temp_6,4.867996629479148,speed,4.713617943228532,temp_7,4.3899181855399405,temp_11,3.553438842688897,temp_3,3.4755531153572656
47,2022-06-23 04:00:00,2022-06-23 04:15:00,0.25,temp_6,3.9808101832061014,speed,3.566504836976128,temp_7,3.499215435628892,temp_3,3.4419275296716543,temp_10,2.9261682836424403
48,2022-06-23 05:45:00,2022-06-23 09:45:00,4.0,temp_6,5.268718701278626,speed,5.2358692997682,temp_7,4.8050141207421335,temp_3,4.211026136146828,temp_11,3.932183632805983
49,2022-08-30 04:15:00,2022-09-02 13:00:00,80.75,temp_8,-53.69366094785311,temp_11,-44.72093502915009,temp_10,-35.5618583439351,temp_7,-28.611599014067707,temp_9,-27.757238156078
50,2022-09-02 13:30:00,2022-09-02 16:30:00,3.0,temp_10,5.856281194973622,temp_6,5.598141852559462,temp_3,5.407063965846722,temp_11,5.326930183443789,speed,5.114085267671911
51,2022-09-02 17:15:00,2022-09-02 17:45:00,0.5,axial_4,4.422910830060312,axial_3,3.1740363671579335,temp_11,3.165737493711724,temp_6,2.9429530876436156,temp_5,2.7637863320377414
52,2022-09-02 20:45:00,2022-09-03 03:15:00,6.5,speed,4.039146318363784,temp_6,3.748329115618557,axial_4,3.4432478627479863,temp_5,3.171752091305211,temp_11,2.957365949128579
53,2022-09-03 03:45:00,2022-09-04 00:30:00,20.75,speed,6.010348138037931,temp_6,5.806335235474559,temp_3,5.302931713501159,temp_7,4.907831440417034,temp_11,4.512079892182759
54,2022-09-09 08:30:00,2022-09-09 14:15:00,5.75,speed,-3.5724299600025695,temp_7,-3.2376326305664915,temp_9,-3.146816159886554,temp_11,-3.1369999308056613,temp_6,-2.959694931978976
55,2022-09-13 07:30:00,2022-09-13 09:30:00,2.0,speed,-2.969919115014081,temp_7,-2.9496728129456713,temp_9,-2.8062441098003936,temp_3,-2.691712651653205,temp_10,-2.6250322320973303
56,2022-12-16 13:00:00,2022-12-16 15:45:00,2.75,temp_7,-3.4853433446061675,speed,-3.3757489657405584,temp_6,-3.2852400274499076,temp_3,-3.17953915593193,temp_9,-3.1471775211640844
57,2022-12-16 16:15:00,2022-12-16 16:30:00,0.25,temp_7,-3.173024536983927,temp_6,-3.10679390095638,speed,-3.082307568631809,temp_9,-3.0814757333365033,temp_3,-2.8277991487975354
58,2022-12-31 02:30:00,2022-12-31 02:30:00,0.0,temp_7,-2.9525088427356,temp_3,-2.6971867387772877,temp_6,-2.432210431169076,pressure_diff,2.24340018223748,temp_9,-2.23695059378506
59,2022-12-31 05:15:00,2022-12-31 05:30:00,0.25,temp_7,-2.8974135302718973,temp_3,-2.7407348432417815,pressure_diff,2.587194029269158,temp_6,-2.5502576043307292,temp_9,-2.1971059989303297
60,2022-12-31 06:15:00,2022-12-31 09:45:00,3.5,pressure_diff,2.9814111648302326,temp_7,-2.6732266077845734,temp_3,-2.341770399600552,temp_6,-2.287141104680411,temp_4,-2.137212555451077
