period_id,top_1,top_1_z,top_2,top_2_z,top_3,top_3_z,top_4,top_4_z,top_5,top_5_z
1,temp_11,-3.9152564410767168,temp_6,-3.7428322731181765,speed,-3.697594669012443,temp_7,-3.316906926926958,temp_3,-3.1596209729652163
2,temp_11,-3.867459625241239,speed,-3.698433083173673,temp_6,-3.6732549643250856,temp_7,-3.220823090058801,temp_3,-3.0508398682436164
3,temp_11,-3.905706401679917,speed,-3.6616613918038072,temp_6,-3.5929589786989697,temp_7,-3.208403579138205,temp_3,-3.1934640921437945
4,temp_11,-3.9239626202797044,temp_6,-3.694308020812906,speed,-3.4369034681838357,temp_7,-3.3033542598383723,temp_3,-3.2449684547904507
5,temp_11,-3.8145550303114724,temp_6,-3.5643667006584496,speed,-3.4369220076398594,temp_7,-3.1259716881404778,temp_3,-3.058109600174225
6,temp_11,-3.826626410561263,temp_6,-3.4745771907209435,speed,-3.437467751686761,temp_7,-3.0456403947597535,temp_3,-2.875205282610979
7,temp_11,-3.5494691073319085,speed,-3.317249538120246,temp_6,-3.296124544231296,temp_7,-2.905485571658727,temp_3,-2.8585013600293374
8,axial_3,3.50700378920453,axial_4,3.2356655190711923,temp_6,-2.5671197240498493,temp_11,-2.3525106615394678,pressure_2,2.2237132605441077
9,temp_2,3.5204937556884666,temp_4,3.392903426665644,temp_7,2.7075142534396504,axial_1,2.696324635609998,temp_3,2.5097805594373823
10,pressure_1,-36.23674841962474,temp_2,2.7976108506351123,temp_4,2.7251058389163423,temp_7,2.6164983625871368,temp_3,2.4578081634422144
11,temp_2,3.744908936239212,temp_4,3.703149188685034,temp_7,2.794003399338346,temp_3,2.63600874932592,vibration_4,2.553443060966014
12,temp_4,4.117894375743854,temp_2,4.030619539730172,temp_7,3.3585447154094714,temp_3,3.3177516252013786,temp_6,3.072894249655417
13,speed,-4.359746286715511,temp_11,-4.042482778272242,temp_1,-4.0058064084651654,temp_6,-3.5374055034213847,temp_3,-3.1902046624952227
14,axial_4,6.784001832789413,temp_9,-5.527231646508034,axial_3,5.2030623444953035,temp_8,-4.411471454910115,pressure_diff,-4.0435643920281
15,axial_4,8.04184532045849,temp_9,-6.047698970431322,axial_3,5.870695175927016,pressure_diff,-5.029844514019393,temp_8,-4.699548932779655
16,axial_4,8.009486759113638,temp_9,-5.979283359628326,axial_3,5.892358896066576,pressure_diff,-5.040688306534561,temp_8,-4.58058189160479
17,temp_8,-80.03670594573597,temp_11,-68.03282261401503,temp_10,-55.17653740616978,temp_7,-45.82983400245753,temp_6,-43.88666962985586
18,speed,-4.472103804954119,temp_7,-3.3119459288061415,temp_11,-3.2453196800966957,temp_6,-3.2404270687962358,axial_4,2.9871764145618767
19,axial_4,4.319814239369243,speed,-3.500318522608781,axial_3,3.191464691299679,temp_9,-3.08613531166623,temp_11,-2.8061681365150424
20,axial_4,4.559489732145523,axial_3,3.240201864243931,temp_1,-2.9124356516447074,pressure_4,-2.6271427545295767,temp_9,-2.2711145219477973
21,temp_6,4.867996629479148,speed,4.713617943228532,temp_7,4.3899181855399405,temp_11,3.553438842688897,temp_3,3.4755531153572656
22,temp_6,5.268718701278626,speed,5.2358692997682,temp_7,4.8050141207421335,temp_3,4.211026136146828,temp_11,3.932183632805983
23,temp_8,-53.69366094785311,temp_11,-44.72093502915009,temp_10,-35.5618583439351,temp_7,-28.611599014067707,temp_9,-27.757238156078
24,temp_10,5.856281194973622,temp_6,5.598141852559462,temp_3,5.407063965846722,temp_11,5.326930183443789,speed,5.114085267671911
25,speed,4.039146318363784,temp_6,3.748329115618557,axial_4,3.4432478627479863,temp_5,3.171752091305211,temp_11,2.957365949128579
26,speed,6.010348138037931,temp_6,5.806335235474559,temp_3,5.302931713501159,temp_7,4.907831440417034,temp_11,4.512079892182759
27,speed,-3.5724299600025695,temp_7,-3.2376326305664915,temp_9,-3.146816159886554,temp_11,-3.1369999308056613,temp_6,-2.959694931978976
28,speed,-2.969919115014081,temp_7,-2.9496728129456713,temp_9,-2.8062441098003936,temp_3,-2.691712651653205,temp_10,-2.6250322320973303
29,temp_7,-3.4853433446061675,speed,-3.3757489657405584,temp_6,-3.2852400274499076,temp_3,-3.17953915593193,temp_9,-3.1471775211640844
30,pressure_diff,2.9814111648302326,temp_7,-2.6732266077845734,temp_3,-2.341770399600552,temp_6,-2.287141104680411,temp_4,-2.137212555451077
