period_id,start,end,duration_hours,group_axial,group_vibration,group_temperature,group_pressure,group_speed
1,2022-01-01 00:00:00,2022-01-01 04:00:00,4.0,0.09576250779436077,-0.9248243792462395,-2.516748021745634,0.9571798096189331,-3.697594669012443
2,2022-01-01 04:45:00,2022-01-01 12:30:00,7.75,0.18217861109974737,-0.8876241531421953,-2.478507884085347,0.6266484929270749,-3.698433083173673
3,2022-01-01 13:30:00,2022-01-01 14:00:00,0.5,0.05991429265797538,-0.7633172591446687,-2.4394064700080524,0.1511797311719582,-3.7014869019283823
4,2022-01-01 14:30:00,2022-01-01 14:45:00,0.25,0.03088031534753006,-0.7237981057497388,-2.3896513054020136,0.17964615105878515,-3.694800957545676
5,2022-01-01 15:45:00,2022-01-01 17:45:00,2.0,0.035438732449353694,-0.7449107527772629,-2.508106384848487,0.21411823729889576,-3.6616613918038072
6,2022-01-01 18:30:00,2022-01-01 19:00:00,0.5,-0.026217725200671234,-0.8692565967951086,-2.420265959423109,0.35473741935647995,-3.436780203129307
7,2022-01-01 19:45:00,2022-01-01 20:00:00,0.25,0.11691485911246538,-0.8912844763308231,-2.357033652345864,0.3669505189935981,-3.43835911799013
8,2022-01-01 20:45:00,2022-01-01 23:00:00,2.25,-0.04598952218607011,-0.7817099566806961,-2.5613098156813505,0.8954111598777758,-3.4369034681838357
9,2022-01-02 00:00:00,2022-01-02 01:00:00,1.0,0.021718420424969978,-0.9251404907263565,-2.48468035288101,0.692832721806063,-3.4369220076398594
10,2022-01-02 01:30:00,2022-01-02 03:00:00,1.5,-0.02166193021135676,-0.9116072826078817,-2.438960834040976,0.48645411842487407,-3.437467751686761
11,2022-01-02 04:15:00,2022-01-02 04:30:00,0.25,-0.08639372522136636,-0.9312822482479687,-2.309879064936123,0.21982679525451543,-2.9360384452015977
12,2022-01-07 05:00:00,2022-01-07 06:00:00,1.0,0.4815610195885023,-0.9085270034692773,-2.2350679418822836,1.0022636796236728,-3.317249538120246
13,2022-01-24 20:45:00,2022-01-24 21:30:00,0.75,0.7876915098315526,-0.7499500989047725,-1.1020631922366062,2.2287973109525967,-1.032078284862913
14,2022-01-24 22:45:00,2022-01-24 23:00:00,0.25,0.7873848026751898,-0.7806974621086695,-1.121355843105207,2.124283824300252,-1.0326608300078342
15,2022-01-25 00:15:00,2022-01-25 00:15:00,0.0,0.8514836872289244,-0.7841018685169923,-1.180130240523868,2.09470481041415,-1.031622361177538
16,2022-01-25 08:15:00,2022-01-25 08:45:00,0.5,0.7335667476529192,-0.8440014800501409,-1.0833025762123127,2.180247712485835,-1.0315265667855062
17,2022-01-25 15:15:00,2022-01-25 15:15:00,0.0,0.6392218192149663,-0.8205917362912352,-1.5832472198622982,1.5586737429544768,-1.6333126275625096
18,2022-01-25 17:15:00,2022-01-25 17:15:00,0.0,0.7271345673754672,-0.9016796483568085,-1.4977898892117159,1.3598141999693059,-2.116292358580742
19,2022-01-25 17:45:00,2022-01-25 19:15:00,1.5,0.8471936440169897,-0.9306739483450894,-1.5804175390805801,1.4076313135635308,-2.114774953803221
20,2022-01-25 23:15:00,2022-01-25 23:45:00,0.5,0.9059485155234638,-0.997551920947146,-1.5597976557349127,1.3242754771932046,-1.7533441531901857
21,2022-01-26 00:45:00,2022-01-26 00:45:00,0.0,0.637365729679741,-0.955397223643714,-1.454218805708579,1.533931817451648,-1.2745461715004363
22,2022-03-21 20:30:00,2022-03-21 20:30:00,0.0,0.5971844277586306,0.010898832254307128,3.223042362276898,-0.4012150798585221,2.855894672251522
23,2022-04-27 12:15:00,2022-04-27 19:45:00,7.5,0.6403147456796706,1.0218287303411253,2.063569325412142,-0.8363669667884105,1.9892228075990956
24,2022-04-28 10:45:00,2022-04-28 12:00:00,1.25,0.17754473603721999,0.7029293688106727,1.9048446243294819,-7.919729729257168,1.9892339843859674
25,2022-04-28 12:30:00,2022-04-28 13:15:00,0.75,0.4894294646695013,0.8661362947651539,1.9458832625150406,-0.9102409792239591,1.988578134923384
26,2022-04-28 15:30:00,2022-04-28 18:30:00,3.0,0.6602595438020071,1.0149600928268692,2.0910937974183597,-0.9123744627976681,1.9835994208538275
27,2022-05-11 09:30:00,2022-05-11 09:30:00,0.0,-0.21935075060900966,0.7029999424664707,2.6008211508471275,-0.24642559118148694,2.948535556111672
28,2022-05-11 11:15:00,2022-05-12 00:00:00,12.75,0.21237103318397021,1.0033403184376284,2.660650804579432,-0.5270446909175786,2.911967002681863
29,2022-06-02 09:30:00,2022-06-02 16:15:00,6.75,1.2084004803986117,-0.4412285116807858,-2.7933613127218724,0.23935284261738482,-4.359746286715511
30,2022-06-17 13:00:00,2022-06-17 16:30:00,3.5,3.724849292347786,0.17374824670524058,-1.771028665019321,-0.5567117489862508,-2.5190622495227735
31,2022-06-17 17:00:00,2022-06-17 17:15:00,0.25,4.160012529640468,1.0727414142866498,-1.1629208927962613,-1.103847366321779,-0.884046670664592
32,2022-06-17 18:30:00,2022-06-17 18:30:00,0.0,4.5710387244134925,0.9648660077570097,-1.244433189431103,-1.0308105440632624,-0.6702732378882252
33,2022-06-17 19:15:00,2022-06-17 19:15:00,0.0,4.2597925124224245,0.9409659488010698,-1.1071850040911229,-1.2982341553087517,-0.6693108283646843
34,2022-06-17 21:15:00,2022-06-17 22:15:00,1.0,4.124623387674372,0.95087915397482,-1.2893304116475948,-0.6365523100775625,-0.6708911981478515
35,2022-06-17 22:45:00,2022-06-17 22:45:00,0.0,4.102469173856709,0.9215550026068052,-1.2585379516264315,-0.5946843802351308,-0.6711004908879696
36,2022-06-17 23:15:00,2022-06-18 01:45:00,2.5,3.961477027171498,0.9844617162000249,-1.3289565323901733,-0.5195651196927177,-0.6700475841469171
37,2022-06-18 03:00:00,2022-06-18 03:00:00,0.0,3.874812674608325,0.8926258095694063,-1.352727597027127,-0.3736553292227883,-0.6704252484629482
38,2022-06-18 04:15:00,2022-06-18 04:45:00,0.5,4.011275530896324,0.8309223968819963,-1.281828985109575,-0.2757751417133056,-0.6701605894452614
39,2022-06-18 09:45:00,2022-06-22 06:30:00,92.75,3.106865264541356,-5.130651694072326,-43.9342785131241,-6.295378304307075,-41.33855582379205
40,2022-06-22 07:00:00,2022-06-22 09:30:00,2.5,1.6220561886452556,-1.1336012872717953,-1.8594924023645136,-0.30332805882064806,-4.472103804954119
41,2022-06-22 11:00:00,2022-06-22 11:15:00,0.25,1.4703604542816597,-1.0231605014707832,-1.158842789446224,-0.9260111218370654,-2.9538927732489695
42,2022-06-22 11:45:00,2022-06-22 11:45:00,0.0,1.6789070620413022,-0.9797789640109766,-1.2349659326229039,-0.9777315432721123,-2.9561975647134586
43,2022-06-22 12:30:00,2022-06-22 14:30:00,2.0,2.2653568809161126,-1.230403018175644,-1.8141740607908146,-1.0940718835948553,-3.500318522608781
44,2022-06-22 15:30:00,2022-06-22 16:45:00,1.25,2.615576541915603,0.09459067035063518,-0.7967548159585743,-1.426682432812584,-1.5723869440696405
45,2022-06-22 18:30:00,2022-06-22 19:15:00,0.75,2.889279148055068,0.12075597206647548,-0.5876608288901015,-1.1884733172354258,-1.0342100251987143
46,2022-06-23 00:30:00,2022-06-23 02:00:00,1.5,0.09259376590086715,1.0788088699816203,3.000965874474746,-1.1483856739232532,4.713617943228532
47,2022-06-23 04:00:00,2022-06-23 04:15:00,0.25,0.5227679304798603,0.8613238607595268,2.2759340165636224,-0.9395379404968136,3.566504836976128
48,2022-06-23 05:45:00,2022-06-23 09:45:00,4.0,-0.288407439570089,1.066677847523901,3.42435706346009,-1.0723235209632698,5.2358692997682
49,2022-08-30 04:15:00,2022-09-02 13:00:00,80.75,2.3703970901005915,-6.204226737486077,-28.087902739907044,-9.498325502568003,-25.960921412496035
50,2022-09-02 13:30:00,2022-09-02 16:30:00,3.0,2.2466197720739913,-0.8474655069508015,4.144624488423606,-1.450701190976964,5.114085267671911
51,2022-09-02 17:15:00,2022-09-02 17:45:00,0.5,2.443352299947695,-0.8722279133870566,2.1094996895382843,-0.9792474484757243,1.9053375079363526
52,2022-09-02 20:45:00,2022-09-03 03:15:00,6.5,1.2298541879251377,0.056340791326469075,2.078999559789747,-1.026104477848699,4.039146318363784
53,2022-09-03 03:45:00,2022-09-04 00:30:00,20.75,0.30882279135609586,0.7074143793795631,3.9806213055858435,-1.3413501798822753,6.010348138037931
54,2022-09-09 08:30:00,2022-09-09 14:15:00,5.75,1.2978898902140643,-0.9950410452502696,-2.2934417124904254,-0.1250878130353806,-3.5724299600025695
55,2022-09-13 07:30:00,2022-09-13 09:30:00,2.0,1.0647251364538792,-1.1656936709869548,-2.0690530625482233,0.4323717012623766,-2.969919115014081
56,2022-12-16 13:00:00,2022-12-16 15:45:00,2.75,1.065840462228001,-0.8189906695884415,-2.1550781575361597,0.069870976190803,-3.3757489657405584
57,2022-12-16 16:15:00,2022-12-16 16:30:00,0.25,0.9952868356507545,-0.9275338819610166,-2.0268738608379255,-0.014257673451892394,-3.082307568631809
58,2022-12-31 02:30:00,2022-12-31 02:30:00,0.0,0.2131231978925215,-0.935897783266078,-1.7881310862115356,0.5565285375770619,-1.8833810429361186
59,2022-12-31 05:15:00,2022-12-31 05:30:00,0.25,0.2378180445848424,-0.9704429275465583,-1.8756453873374226,0.7439932434304646,-1.8854072563857363
60,2022-12-31 06:15:00,2022-12-31 09:45:00,3.5,0.07092155345941487,-0.980563123021915,-1.6722860700285613,0.8533049312135743,-1.884259088571395
