period_id,start,end,duration_hours,group_axial,group_vibration,group_temperature,group_pressure,group_speed,category,priority,suggested_action
1,2022-01-01 00:00:00,2022-01-01 04:00:00,4.0,0.0957625077943607,-0.9248243792462396,-2.516748021745634,0.9571798096189332,-3.697594669012443,Cold start / low load,Low,Machine is running below its annual average speed and temperature. Confirm process conditions are as intended.
2,2022-01-01 04:45:00,2022-01-01 12:30:00,7.75,0.1821786110997473,-0.8876241531421953,-2.478507884085347,0.6266484929270749,-3.698433083173673,Cold start / low load,Low,Machine is running below its annual average speed and temperature. Confirm process conditions are as intended.
3,2022-01-01 15:45:00,2022-01-01 17:45:00,2.0,0.0354387324493536,-0.7449107527772629,-2.508106384848487,0.2141182372988957,-3.6616613918038072,Cold start / low load,Low,Machine is running below its annual average speed and temperature. Confirm process conditions are as intended.
4,2022-01-01 20:45:00,2022-01-01 23:00:00,2.25,-0.0459895221860701,-0.7817099566806961,-2.5613098156813505,0.8954111598777758,-3.436903468183836,Cold start / low load,Low,Machine is running below its annual average speed and temperature. Confirm process conditions are as intended.
5,2022-01-02 00:00:00,2022-01-02 01:00:00,1.0,0.0217184204249699,-0.9251404907263564,-2.48468035288101,0.692832721806063,-3.4369220076398594,Cold start / low load,Low,Machine is running below its annual average speed and temperature. Confirm process conditions are as intended.
6,2022-01-02 01:30:00,2022-01-02 03:00:00,1.5,-0.0216619302113567,-0.9116072826078816,-2.438960834040976,0.486454118424874,-3.437467751686761,Cold start / low load,Low,Machine is running below its annual average speed and temperature. Confirm process conditions are as intended.
7,2022-01-07 05:00:00,2022-01-07 06:00:00,1.0,0.4815610195885023,-0.9085270034692772,-2.235067941882284,1.0022636796236728,-3.317249538120246,Cold start / low load,Low,Machine is running below its annual average speed and temperature. Confirm process conditions are as intended.
8,2022-01-25 17:45:00,2022-01-25 19:15:00,1.5,0.8471936440169897,-0.9306739483450894,-1.58041753908058,1.4076313135635308,-2.114774953803221,Cold start / low load,Low,Machine is running below its annual average speed and temperature. Confirm process conditions are as intended.
9,2022-04-27 12:15:00,2022-04-27 19:45:00,7.5,0.6403147456796706,1.021828730341125,2.063569325412142,-0.8363669667884105,1.989222807599096,Thermal event,Low,"Check cooling water supply temperature and ambient conditions. If temperatures remain high after ambient normalises, inspect lube oil cooler."
10,2022-04-28 10:45:00,2022-04-28 12:00:00,1.25,0.1775447360372199,0.7029293688106727,1.9048446243294817,-7.919729729257168,1.9892339843859677,Pressure system event,Medium,Check lube oil and seal oil pressure. Inspect filters for clogging. Verify control valve response on the affected pressure loop.
11,2022-04-28 15:30:00,2022-04-28 18:30:00,3.0,0.6602595438020071,1.0149600928268692,2.09109379741836,-0.912374462797668,1.9835994208538277,Thermal event,Low,"Check cooling water supply temperature and ambient conditions. If temperatures remain high after ambient normalises, inspect lube oil cooler."
12,2022-05-11 11:15:00,2022-05-12 00:00:00,12.75,0.2123710331839702,1.0033403184376284,2.660650804579432,-0.5270446909175786,2.911967002681863,Thermal event,Low,"Check cooling water supply temperature and ambient conditions. If temperatures remain high after ambient normalises, inspect lube oil cooler."
13,2022-06-02 09:30:00,2022-06-02 16:15:00,6.75,1.2084004803986117,-0.4412285116807858,-2.7933613127218724,0.2393528426173848,-4.359746286715511,Cold start / low load,Low,Machine is running below its annual average speed and temperature. Confirm process conditions are as intended.
14,2022-06-17 13:00:00,2022-06-17 16:30:00,3.5,3.724849292347786,0.1737482467052405,-1.771028665019321,-0.5567117489862508,-2.519062249522773,Cold start / low load,Low,Machine is running below its annual average speed and temperature. Confirm process conditions are as intended.
15,2022-06-17 21:15:00,2022-06-17 22:15:00,1.0,4.124623387674372,0.95087915397482,-1.2893304116475948,-0.6365523100775625,-0.6708911981478515,Possible thrust bearing wear,High,"Investigate thrust bearing. Check axial displacement trend, verify lube oil flow to thrust bearing, and schedule inspection at next opportunity."
16,2022-06-17 23:15:00,2022-06-18 01:45:00,2.5,3.961477027171498,0.9844617162000248,-1.3289565323901733,-0.5195651196927177,-0.6700475841469171,Possible thrust bearing wear,High,"Investigate thrust bearing. Check axial displacement trend, verify lube oil flow to thrust bearing, and schedule inspection at next opportunity."
17,2022-06-18 09:45:00,2022-06-22 06:30:00,92.75,3.106865264541356,-5.130651694072326,-43.9342785131241,-6.295378304307075,-41.33855582379205,Shutdown,Low,Compressor is stopped. Verify this shutdown was planned. No further action during the shutdown.
18,2022-06-22 07:00:00,2022-06-22 09:30:00,2.5,1.6220561886452556,-1.133601287271795,-1.8594924023645136,-0.303328058820648,-4.472103804954119,Restart transient,Low,Compressor is warming up after restart. Monitor temperatures and vibration until they reach steady state.
19,2022-06-22 12:30:00,2022-06-22 14:30:00,2.0,2.2653568809161126,-1.230403018175644,-1.8141740607908143,-1.0940718835948553,-3.500318522608781,Cold start / low load,Low,Machine is running below its annual average speed and temperature. Confirm process conditions are as intended.
20,2022-06-22 15:30:00,2022-06-22 16:45:00,1.25,2.615576541915603,0.0945906703506351,-0.7967548159585743,-1.426682432812584,-1.5723869440696403,Unclassified,Low,Pattern does not match any known failure mode. Review sensor traces manually and consider whether a new failure mode is present.
21,2022-06-23 00:30:00,2022-06-23 02:00:00,1.5,0.0925937659008671,1.0788088699816205,3.000965874474746,-1.1483856739232532,4.713617943228532,Thermal event,Low,"Check cooling water supply temperature and ambient conditions. If temperatures remain high after ambient normalises, inspect lube oil cooler."
22,2022-06-23 05:45:00,2022-06-23 09:45:00,4.0,-0.288407439570089,1.066677847523901,3.42435706346009,-1.0723235209632698,5.2358692997682,Thermal event,Low,"Check cooling water supply temperature and ambient conditions. If temperatures remain high after ambient normalises, inspect lube oil cooler."
23,2022-08-30 04:15:00,2022-09-02 13:00:00,80.75,2.3703970901005915,-6.204226737486077,-28.087902739907044,-9.498325502568004,-25.960921412496035,Shutdown,Low,Compressor is stopped. Verify this shutdown was planned. No further action during the shutdown.
24,2022-09-02 13:30:00,2022-09-02 16:30:00,3.0,2.2466197720739918,-0.8474655069508015,4.144624488423606,-1.450701190976964,5.114085267671911,Restart transient,Low,Compressor is warming up after restart. Monitor temperatures and vibration until they reach steady state.
25,2022-09-02 20:45:00,2022-09-03 03:15:00,6.5,1.2298541879251377,0.056340791326469,2.078999559789747,-1.026104477848699,4.039146318363784,Unclassified,Low,Pattern does not match any known failure mode. Review sensor traces manually and consider whether a new failure mode is present.
26,2022-09-03 03:45:00,2022-09-04 00:30:00,20.75,0.3088227913560958,0.7074143793795631,3.980621305585844,-1.3413501798822751,6.010348138037931,Thermal event,Low,"Check cooling water supply temperature and ambient conditions. If temperatures remain high after ambient normalises, inspect lube oil cooler."
27,2022-09-09 08:30:00,2022-09-09 14:15:00,5.75,1.2978898902140643,-0.9950410452502696,-2.2934417124904254,-0.1250878130353806,-3.572429960002569,Cold start / low load,Low,Machine is running below its annual average speed and temperature. Confirm process conditions are as intended.
28,2022-09-13 07:30:00,2022-09-13 09:30:00,2.0,1.0647251364538792,-1.1656936709869548,-2.0690530625482237,0.4323717012623766,-2.969919115014081,Cold start / low load,Low,Machine is running below its annual average speed and temperature. Confirm process conditions are as intended.
29,2022-12-16 13:00:00,2022-12-16 15:45:00,2.75,1.065840462228001,-0.8189906695884415,-2.15507815753616,0.069870976190803,-3.3757489657405584,Cold start / low load,Low,Machine is running below its annual average speed and temperature. Confirm process conditions are as intended.
30,2022-12-31 06:15:00,2022-12-31 09:45:00,3.5,0.0709215534594148,-0.980563123021915,-1.6722860700285611,0.8533049312135743,-1.884259088571395,Unclassified,Low,Pattern does not match any known failure mode. Review sensor traces manually and consider whether a new failure mode is present.
